geo,VO,D1_specialisti,D2_formazione,MFA,BACKUP,VPN,D3_hardening,Z_D1,Z_D2,Z_D3,Z_VO,MD,Gruppo_descrittivo
Italy,15.78,12.44,17.85,37.37,79.53,42.18,53.02666666666667,-1.5820902205839236,-0.6875253643610713,-0.08753851934463365,-0.5423659289271356,-0.7857180347632094,"Bassa maturità, Bassa vulnerabilità"
