,Specialisti Interni,Formazione Dipendenti,Skill Shortage,Outsourcing IT
Specialisti Interni,0.0,8.636442595577101e-10,8.240089773951749e-13,0.3158064053253469
Formazione Dipendenti,8.636442595577101e-10,0.0,5.200848072434113e-09,0.5586467906856093
Skill Shortage,8.240089773951749e-13,5.200848072434113e-09,0.0,0.12875847318009898
Outsourcing IT,0.3158064053253469,0.5586467906856093,0.12875847318009898,0.0
