,Specialisti Interni,Formazione Dipendenti,Skill Shortage,Outsourcing IT
Specialisti Interni,1.0,0.9238344655937287,0.9626183962691204,-0.22421324706368925
Formazione Dipendenti,0.9238344655937287,1.0,0.9082506649553648,-0.13184047120164424
Skill Shortage,0.9626183962691204,0.9082506649553648,1.0,-0.3339685837344428
Outsourcing IT,-0.22421324706368925,-0.13184047120164424,-0.3339685837344428,1.0
